0.0,0.0
0.10011163462602923,0.0
0.20381454903284646,0.0
0.3053128638823897,0.0
0.4090540457111909,0.0
0.5136015141099608,0.0
0.6184388338636808,0.0
0.7233803520638292,0.0
0.8283593284854164,0.0
0.9333517707349641,0.0
1.0383490538049167,0.0
1.148348051031771,0.0
1.2533477166116023,0.0
1.3583475963911467,0.0
1.4633475531731848,0.0
1.568347537636792,0.0
1.6733475320516258,0.0
1.7833475299902353,0.0
1.888347529302771,0.0
1.9933475290556348,0.0
2.0983475289667926,0.0
2.2033475289348536,0.0
2.3083475289233726,0.0
2.4133475289192448,0.0
2.518347528917761,0.0
2.6233475289172272,0.0
2.728347528917036,0.0
2.8333475289169665,0.0
2.9383475289169416,0.0
3.0433475289169327,0.0
3.1483475289169305,0.0
3.2533475289169282,0.0
3.358347528916926,0.0
3.4633475289169238,0.0
3.5683475289169215,0.0
3.6733475289169193,0.0
3.778347528916917,0.0
3.883347528916915,0.0
3.9883475289169126,0.0
4.093347528916911,0.0
4.1983475289169085,0.0
4.303347528916906,0.0
4.408347528916904,0.0
4.513347528916902,0.0
4.6183475289169,0.0
4.723347528916897,0.0
4.828347528916895,0.0
4.933347528916893,0.0
5.038347528916891,0.0
5.143347528916888,0.0
5.248347528916886,0.0
5.353347528916884,0.0
5.458347528916882,0.0
5.5633475289168794,0.0
5.668347528916877,0.0
5.773347528916875,0.0
5.878347528916873,0.0
5.9833475289168705,0.0
6.088347528916868,0.0
6.193347528916866,0.0
6.298347528916864,0.0
6.4033475289168615,0.0
6.508347528916859,0.0
6.613347528916857,0.0
6.718347528916855,0.0
6.823347528916853,0.0
6.92834752891685,0.0
7.033347528916848,0.0
7.138347528916846,0.0
7.243347528916844,0.0
7.348347528916841,0.0
7.453347528916839,0.0
7.558347528916837,0.0
7.663347528916835,0.0
7.7683475289168324,0.0
7.87334752891683,0.0
7.978347528916828,0.0
8.07834752891684,0.0
8.178347528916856,0.0
8.278347528916871,0.0
8.378347528916887,0.0
8.478347528916903,0.0
8.583347029621942,0.00013920211378752638
8.688112752737094,0.006468597634021357
8.791727666952394,0.023196035633442788
8.893161290936638,0.05016041130455831
8.991404553507266,0.08709439280328321
9.08548065113842,0.13362981462799556
9.174453525175219,0.18930463223434763
9.257438731511762,0.2535643642536427
9.333610371060889,0.3257705894580344
9.402211457877987,0.40520451493968085
9.462559027853887,0.49107667822833195
9.516275585982793,0.5870116407920676
9.55794744289142,0.6833408366347473
9.589816789266326,0.7833418485871542
9.611567497074928,0.8860198128235722
9.62302053533798,0.9903511765621028
9.629177832136737,1.0951704060504819
9.634993816600474,1.195001134409629
9.640809801064211,1.294831862768776
9.646625785527949,1.3946625911279231
9.652441769991686,1.4944933194870702
9.658257754455423,1.5943240478462173
9.66407373891916,1.6941547762053644
9.669889723382898,1.7939855045645114
9.675705707846635,1.8938162329236585
9.681521692310373,1.9936469612828056
9.687628475997297,2.0984692260599056
9.693735259684221,2.2032914908370054
9.699842043371145,2.308113755614105
9.70594882705807,2.412936020391205
9.712055610744994,2.5177582851683047
9.718162394431918,2.6225805499454045
9.724269178118842,2.7274028147225042
9.730375961805766,2.832225079499604
9.73648274549269,2.9370473442767038
9.742589529179615,3.0418696090538035
9.748696312866539,3.1466918738309033
9.754803096553463,3.251514138608003
9.760909880240387,3.356336403385103
9.767016663927311,3.4611586681622026
9.773123447614235,3.5659809329393024
9.77923023130116,3.670803197716402
9.785337014988084,3.775625462493502
9.791443798675008,3.8804477272706017
9.797550582361932,3.9852699920477015
9.803249886200168,4.090112982350921
9.801534190695426,4.1950554142781655
9.789374689827019,4.299305134510604
9.769187835046976,4.402341227788325
9.749305648956797,4.500344792398375
9.729423462866619,4.598348357008424
9.70954127677644,4.696351921618474
9.688956246267352,4.799312949859916
9.675241881761046,4.903372472086812
9.666371269844262,5.007997070399477
9.657526448722942,5.11262387929343
9.648681627601622,5.2172506881873835
9.639836806480302,5.321877497081337
9.630991985358982,5.42650430597529
9.622147164237662,5.531131114869243
9.61330556338631,5.635758195036508
9.608430080188652,5.740609669474998
9.60869207829727,5.845609262480854
9.609004680595845,5.950608797145546
9.60931728289442,6.055608331810237
9.609629885192994,6.160607866474929
9.609942487491569,6.26560740113962
9.610255089790144,6.370606935804312
9.610567692088718,6.475606470469003
9.610880294387293,6.580606005133695
9.611192896685868,6.685605539798386
9.611505498984442,6.790605074463078
9.611818101283017,6.895604609127769
9.612130703581592,7.000604143792461
9.612443305880166,7.105603678457152
9.612755908178741,7.210603213121844
9.613068510477316,7.315602747786535
9.61338111277589,7.4206022824512266
9.610866321401906,7.525543963045838
9.59839838925506,7.629757245778177
9.575612741095915,7.73221051252882
9.542735139162371,7.831884585993128
9.500093416790088,7.9277883979248545
9.44811087697849,8.018967744185975
9.38730529675152,8.104516204389375
9.318280721293041,8.183582414698495
9.241724323581732,8.25538057344493
9.158396919741651,8.31919594306026
9.06912780857519,8.374394524758163
8.974804384522608,8.420426571256954
8.876365161883664,8.45683504659101
8.774788897590856,8.483257010223312
8.671086076950164,8.499430526262659
8.566289832031277,8.505310312875498
8.461299784638403,8.50675549864125
8.361309114520036,8.508121474219978
8.26131844440167,8.509487449798707
8.161327774283304,8.510853425377435
8.061337104164938,8.512219400956164
7.961346434046572,8.513585376534893
7.861355763928206,8.514951352113622
7.7613650938098395,8.51631732769235
7.661374423691473,8.51768330327108
7.561383753573107,8.519049278849808
7.461393083454741,8.520415254428537
7.361402413336375,8.521781230007266
7.261411743218009,8.523147205585994
7.161421073099643,8.524513181164723
7.061430402981276,8.525879156743452
6.96143973286291,8.52724513232218
6.861449062744544,8.52861110790091
6.761458392626178,8.529977083479638
6.661467722507812,8.531343059058367
6.561477052389446,8.532709034637096
6.4614863822710795,8.534075010215824
6.361495712152713,8.535440985794553
6.261505042034347,8.536806961373282
6.161514371915981,8.53817293695201
6.061523701797615,8.53953891253074
5.961533031679249,8.540904888109468
5.861542361560883,8.542270863688197
5.761551691442516,8.543636839266926
5.66156102132415,8.545002814845654
5.561570351205784,8.546368790424383
5.461579681087418,8.547734766003112
5.361589010969052,8.54910074158184
5.261598340850686,8.55046671716057
5.1616076707323195,8.551832692739298
5.061617000613953,8.553198668318027
4.961626330495587,8.554564643896756
4.861635660377221,8.555930619475484
4.761644990258855,8.557296595054213
4.661654320140489,8.558662570632942
4.561663650022123,8.56002854621167
4.461672979903756,8.5613945217904
4.36168230978539,8.562760497369128
4.261691639667024,8.564126472947857
4.161700969548658,8.565492448526586
4.061710299430292,8.566858424105314
3.9567200958060114,8.56829269846298
3.8517298921817362,8.569726972820645
3.746739688557461,8.57116124717831
3.641749484933186,8.572595521535975
3.536759281308911,8.57402979589364
3.4317690776846357,8.575464070251305
3.3267788740603605,8.57689834460897
3.2217886704360854,8.578332618966636
3.1167984668118103,8.579766893324301
3.011808263187535,8.581201167681966
2.90681805956326,8.582635442039631
2.801827855938985,8.584069716397297
2.6968376523147097,8.585503990754962
2.5918474486904346,8.586938265112627
2.4868572450661595,8.588372539470292
2.3818670414418843,8.589806813827957
2.276876837817609,8.591241088185622
2.171886634193334,8.592675362543288
2.066896430569059,8.594109636900953
1.9619062269447838,8.595543911258618
1.8569160233205086,8.596978185616283
1.7519258196962335,8.598412459973948
1.6469356160719584,8.599846734331614
1.5419454124476832,8.601281008689279
1.436955208823408,8.602715283046944
1.331965005199133,8.60414955740461
1.2269748015748578,8.605583831762274
1.1219845979505827,8.60701810611994
1.0169943943263076,8.608452380477605
0.9120041907020324,8.60988665483527
0.8070139870777573,8.611320929192935
0.7020237834534822,8.6127552035506
0.597033579829207,8.614189477908266
0.49204337620493177,8.61562375226593
0.3920527060865734,8.61698972784466
0.292062035968215,8.618355703423388
0.18707183234393907,8.619789977781053
0.08208162871966335,8.621224252138719
-0.022908574904612462,8.622658526496384
-0.12789877852888823,8.624092800854049
-0.23288898215316395,8.625527075211714
-0.3328796522715222,8.626893050790443
-0.4328703223898806,8.628259026369172
-0.5378605260141565,8.629693300726837
-0.6428507296384316,8.631127575084502
-0.7478409332627067,8.632561849442167
-0.8528311368869819,8.633996123799832
-0.957821340511257,8.635430398157498
-1.0628115441355321,8.636864672515163
-1.1678017477598073,8.638298946872828
-1.2727919513840824,8.639733221230493
-1.3777821550083575,8.641167495588158
-1.4827723586326327,8.642601769945824
-1.5877625622569078,8.644036044303489
-1.692752765881183,8.645470318661154
-1.797742969505458,8.646904593018819
-1.9027331731297332,8.648338867376484
-2.0077233767540084,8.64977314173415
-2.1177131138842014,8.651275714870751
-2.2227033175084765,8.652709989228416
-2.3276935211327516,8.654144263586081
-2.4326837247570268,8.655578537943747
-2.537673928381302,8.657012812301412
-2.642664132005577,8.658447086659077
-2.747654335629852,8.659881361016742
-2.8526445392541273,8.661315635374407
-2.9576347428784024,8.662749909732073
-3.0626249465026776,8.664184184089738
-3.1676151501269527,8.665618458447403
-3.272605353751228,8.667052732805068
-3.377595557375503,8.668487007162733
-3.482585760999778,8.669921281520399
-3.5875759646240533,8.671355555878064
-3.6925661682483284,8.672789830235729
-3.7975563718726035,8.674224104593394
-3.9025465754968787,8.67565837895106
-4.007536779121154,8.677092653308724
-4.10752744923952,8.678458628887453
-4.2075181193578866,8.679824604466182
-4.307508789476253,8.68119058004491
-4.407499459594619,8.68255655562364
-4.507490129712985,8.683922531202368
-4.607480799831351,8.685288506781097
-4.707471469949717,8.686654482359826
-4.8074621400680835,8.688020457938554
-4.90745281018645,8.689386433517283
-5.007443480304816,8.690752409096012
-5.107434150423182,8.69211838467474
-5.207424820541548,8.69348436025347
-5.307415490659914,8.694850335832198
-5.40740616077828,8.696216311410927
-5.5073968308966466,8.697582286989656
-5.607387501015013,8.698948262568384
-5.707378171133379,8.700314238147113
-5.807368841251745,8.701680213725842
-5.907359511370111,8.70304618930457
-6.007350181488477,8.7044121648833
-6.1073408516068435,8.705778140462028
-6.20733152172521,8.707144116040757
-6.307322191843576,8.708510091619486
-6.407312861961942,8.709876067198214
-6.507303532080308,8.711242042776943
-6.607294202198674,8.712608018355672
-6.70728487231704,8.7139739939344
-6.807275542435407,8.71533996951313
-6.907266212553773,8.716705945091858
-7.007256882672139,8.718071920670587
-7.107247552790505,8.719437896249316
-7.207238222908871,8.720803871828045
-7.307228893027237,8.722169847406773
-7.4072195631456035,8.723535822985502
-7.50721023326397,8.72490179856423
-7.607200903382336,8.72626777414296
-7.707191573500702,8.727633749721688
-7.807182243619068,8.728999725300417
-7.907172913737434,8.730365700879146
-8.0071635838558,8.731731676457875
-8.107154253974166,8.733097652036603
-8.207144924092532,8.734463627615332
-8.307135594210898,8.73582960319406
-8.407126264329264,8.73719557877279
-8.50711693444763,8.738561554351518
-8.607107604565996,8.739927529930247
-8.707098274684363,8.741293505508976
-8.807088944802729,8.742659481087705
-8.907079614921095,8.744025456666433
-9.007070285039461,8.745391432245162
-9.107060955157827,8.74675740782389
-9.207051625276193,8.74812338340262
-9.30704229539456,8.749489358981348
-9.407032965512926,8.750855334560077
-9.507023635631292,8.752221310138806
-9.607014305749658,8.753587285717535
-9.707004975868024,8.754953261296263
-9.80699564598639,8.756319236874992
-9.906986316104756,8.75768521245372
-10.006976986223123,8.75905118803245
-10.106967656341489,8.760417163611178
-10.206958326459855,8.761783139189907
-10.306948996578221,8.763149114768636
-10.406939666696587,8.764515090347365
-10.506930336814953,8.765881065926093
-10.60692100693332,8.767247041504822
-10.706911677051686,8.76861301708355
-10.806902347170052,8.76997899266228
-10.906893017288418,8.771344968241008
-11.006883687406784,8.772710943819737
-11.10687435752515,8.774076919398466
-11.206865027643516,8.775442894977195
-11.306855697761883,8.776808870555923
-11.406846367880249,8.778174846134652
-11.506837037998615,8.77954082171338
-11.606827708116981,8.78090679729211
-11.706818378235347,8.782272772870838
-11.806809048353713,8.783638748449567
-11.90679971847208,8.785004724028296
-12.006790388590446,8.786370699607025
-12.106781058708812,8.787736675185753
-12.206771728827178,8.789102650764482
-12.306762398945544,8.79046862634321
-12.40675306906391,8.79183460192194
-12.511745837566682,8.79286087775521
-12.616507849761962,8.786475078614538
-12.72011290194376,8.76968666617271
-12.82153041168891,8.742661745322478
-12.919751921612773,8.705669954095416
-13.01380022353765,8.659078382594588
-13.102740317557817,8.603351214125386
-13.185687149780204,8.539041956206011
-13.261816282802098,8.466790916523216
-13.330369939955528,8.387316054329194
-13.39066696374481,8.301408391387726
-13.442106926731721,8.209921846815453
-13.48417898273706,8.113766765132821
-13.51646388122807,8.013899137949165
-13.53864136002833,7.91131250595467
-13.550489983267443,7.807026995181569
-13.552071551522992,7.702075737977763
-13.549642519594698,7.597103838815053
-13.547326078872011,7.497130671903233
-13.545009638149324,7.397157504991413
-13.542693197426637,7.297184338079593
-13.54037675670395,7.1972111711677735
-13.538060315981262,7.097238004255954
-13.535743875258575,6.997264837344134
-13.533427434535888,6.897291670432314
-13.5311109938132,6.797318503520494
-13.528794553090513,6.697345336608675
-13.526478112367826,6.597372169696855
-13.524161671645139,6.497399002785035
-13.521845230922452,6.397425835873215
-13.519528790199765,6.297452668961395
-13.517212349477077,6.197479502049576
-13.51489590875439,6.097506335137756
-13.512579468031703,5.997533168225936
-13.510263027309016,5.897560001314116
-13.507946586586328,5.7975868344022965
-13.505630145863641,5.697613667490477
-13.503313705140954,5.597640500578657
-13.500997264418267,5.497667333666837
-13.49868082369558,5.397694166755017
-13.496364382972892,5.2977209998431976
-13.494047942250205,5.197747832931378
-13.491731501527518,5.097774666019558
-13.48941506080483,4.997801499107738
-13.487098620082143,4.897828332195918
-13.484782179359456,4.797855165284099
-13.482465738636769,4.697881998372279
-13.480149297914082,4.597908831460459
-13.477832857191395,4.497935664548639
-13.475516416468707,4.3979624976368195
-13.47319997574602,4.297989330725
-13.470883535023333,4.19801616381318
-13.468567094300646,4.09804299690136
-13.466836804383375,3.993062276191097
-13.47318410928573,3.888296264214535
-13.484833417044406,3.7839445665611233
-13.495975899963994,3.6845672800496327
-13.507118382883583,3.585189993538142
-13.518260865803171,3.4858127070266516
-13.52940334872276,3.386435420515161
-13.540545831642348,3.2870581340036704
-13.551688314561936,3.18768084749218
-13.562830797481524,3.0883035609806893
-13.573973280401113,2.9889262744691987
-13.585115763320701,2.889548987957708
-13.59625824624029,2.7901717014462175
-13.607400729159878,2.690794414934727
-13.618543212079466,2.5914171284232363
-13.629685694999054,2.4920398419117458
-13.640828177918642,2.392662555400255
-13.65197066083823,2.2932852688887646
-13.661525223320151,2.1887424037727046
-13.6631767029399,2.0837646967771213
-13.663710632753826,1.98376612219251
-13.664271259058449,1.878767618878672
-13.664831885363071,1.7737691155648339
-13.665392511667694,1.6687706122509958
-13.665953137972316,1.5637721089371577
-13.666513764276939,1.4587736056233196
-13.667074390581561,1.3537751023094815
-13.667635016886184,1.2487765989956434
-13.668195643190806,1.1437780956818053
-13.668756269495429,1.0387795923679672
-13.669316895800051,0.9337810890541276
-13.667723714469416,0.8288146082893463
-13.656493026404146,0.724460742642454
-13.63492446796559,0.6217443616859913
-13.603231694176836,0.5216872493978384
-13.56173075745577,0.4252842936278801
-13.510833610513908,0.33349465334616096
-13.451047240335807,0.24723082795661833
-13.38296554917508,0.1673512876564642
-13.307266339046942,0.09464993130125691
-13.224701893020208,0.02985047233617287
-13.136093929891956,-0.026403296428000284
-13.042323259552395,-0.07355113852006949
-12.944322908062997,-0.11112491578381259
-12.84306725761614,-0.13875010143843955
-12.739563614844666,-0.15615278982113093
-12.634841266351811,-0.16315902675767374
-12.529857903729349,-0.16173559013196417
-12.424883278997443,-0.15942730886821185
-12.319908654265538,-0.15711902760445953
-12.214934029533632,-0.1548107463407072
-12.109959404801726,-0.1525024650769549
-12.00498478006982,-0.15019418381320257
-11.900010155337915,-0.14788590254945025
-11.79503553060601,-0.14557762128569793
-11.690060905874104,-0.1432693400219456
-11.585086281142198,-0.1409610587581933
-11.480111656410292,-0.13865277749444097
-11.375137031678387,-0.13634449623068864
-11.270162406946481,-0.13403621496693632
-11.165187782214575,-0.131727933703184
-11.06021315748267,-0.12941965243943168
-10.955238532750764,-0.12711137117567936
-10.850263908018858,-0.12480308991192701
-10.745289283286953,-0.1224948086481744
-10.640314658555047,-0.12018652738442179
-10.535340033823141,-0.11787824612066918
-10.430365409091236,-0.11556996485691656
-10.32539078435933,-0.11326168359316395
-10.220416159627424,-0.11095340232941134
-10.115441534895519,-0.10864512106565873
-10.010466910163613,-0.10633683980190611
-9.905492285431707,-0.1040285585381535
-9.800517660699802,-0.10172027727440089
-9.695543035967896,-0.09941199601064828
-9.59056841123599,-0.09710371474689566
-9.485593786504085,-0.09479543348314305
-9.380619161772179,-0.09248715221939044
-9.275644537040273,-0.09017887095563783
-9.170669912308368,-0.08787058969188521
-9.065695287576462,-0.0855623084281326
-8.960720662844556,-0.08325402716437999
-8.85574603811265,-0.08094574590062738
-8.750771413380745,-0.07863746463687477
-8.64579678864884,-0.07632918337312215
-8.540822163916934,-0.07402090210936954
-8.435847539185028,-0.07171262084561693
-8.330872914453122,-0.06940433958186432
-8.225898289721217,-0.0670960583181117
-8.120923664989311,-0.06478777705435909
-8.015949040257405,-0.062479495790606486
-7.915973207179385,-0.060281132682270804
-7.815997374101362,-0.05808276957393512
-7.716021541023339,-0.05588440646559944
-7.616045707945315,-0.053686043357263756
-7.516069874867292,-0.051487680248928074
-7.416094041789269,-0.04928931714059239
-7.316118208711246,-0.04709095403225671
-7.216142375633223,-0.044892590923921026
-7.1161665425552,-0.042694227815585344
-7.0161907094771765,-0.04049586470724966
-6.916214876399153,-0.03829750159891398
-6.81623904332113,-0.036099138490578296
-6.716263210243107,-0.033900775382242614
-6.616287377165084,-0.03170241227390693
-6.516311544087061,-0.029504049165571193
-6.4163357110090375,-0.02730568605723544
-6.316359877931014,-0.02510732294889969
-6.216384044852991,-0.022908959840563937
-6.116408211774968,-0.020710596732228186
-6.016432378696945,-0.018512233623892434
-5.916456545618922,-0.016313870515556682
-5.816480712540899,-0.01411550740722093
-5.716504879462875,-0.011917144298885178
-5.616529046384852,-0.009718781190549426
-5.516553213306829,-0.007520418082213677
-5.416577380228806,-0.005322054973877942
-5.316601547150783,-0.0031236918655422044
-5.21662571407276,-0.0009253287572064633
-5.1166498809947365,0.001273034351129276
-5.016674047916713,0.003471397459465018
-4.91669821483869,0.005669760567800754
-4.816722381760667,0.007868123676136488
-4.716746548682644,0.01006648678447224
-4.616770715604621,0.012264849892807992
-4.5167948825265976,0.014463213001143744
-4.416819049448574,0.016661576109479496
-4.316843216370551,0.018859939217815248
-4.216867383292528,0.021058302326151
-4.116891550214505,0.02325666543448675
-4.016915717136482,0.025455028542822503
-3.9169398840584586,0.027653391651158255
-3.8169640509804355,0.029851754759494007
-3.7169882179024123,0.032050117867829735
-3.617012384824389,0.03424848097616542
-3.517036551746366,0.0364468440845011
-3.417060718668343,0.03864520719283678
-3.3170848855903197,0.040843570301172465
-3.2171090525122965,0.04304193340950815
-3.1171332194342734,0.04524029651784383
-3.01715738635625,0.04743865962617951
-2.917181553278227,0.049637022734515195
-2.817205720200204,0.05183538584285088
-2.7172298871221807,0.05403374895118656
-2.6172540540441576,0.05623211205952224
-2.5172782209661344,0.058430475167857925
-2.4173023878881112,0.06062883827619361
-2.317326554810088,0.06282720138452931
-2.217350721732065,0.06502556449286513
-2.1173748886540418,0.06722392760120095
-2.0173990555760186,0.06942229070953677
-1.9174232224979992,0.0716206538178726
-1.8124485977660796,0.07392893508162521
-1.70747397303416,0.07623721634537782
-1.6024993483022403,0.07854549760913043
-1.4975247235703206,0.08085377887288304
-1.392550098838401,0.08316206013663566
-1.2875754741064813,0.08547034140038827
-1.1826008493745617,0.08777862266414088
-1.077626224642642,0.0900869039278935
-0.9726515999107224,0.0923951851916461
-0.8676769751788027,0.09470346645539872
-0.7627023504468831,0.09701174771915133
-0.6577277257149634,0.09932002898290394
-0.5527531009830438,0.10162831024665656
-0.4477784762511241,0.10393659151040917
-0.34280385151920445,0.10624487277416178
-0.2378292267872848,0.10855315403791439
-0.13285460205536515,0.110861435301667
-0.027879977323445444,0.11316971656541962
0.07709464740847433,0.11547799782917223
0.18206927214039398,0.11778627909292484
0.28704389687231363,0.12009456035667745
0.3920185216042333,0.12240284162043007
0.49699314633615294,0.12471112288418268
0.6019677710680726,0.12701940414793503
0.7069423957999923,0.12932768541168735
0.811917020531912,0.13163596667543967
0.9168916452638316,0.133944247939192
1.0218701026788033,0.1340984869369063
1.1264288962189237,0.12486484561493491
1.2306441573557065,0.1120515970554254
1.3348593692476038,0.09923794767959551
1.4390745811395012,0.08642429830376562
1.5432897930313985,0.07361064892793573
1.6475050049232958,0.06079699955210582
1.751720216815193,0.04798335017627578
1.8559354287070904,0.03516970080044574
1.9601506405989877,0.022356051424615758
2.064365852490885,0.009542402048785793
2.1685810643827823,-0.0032712473270441827
2.2727962762746796,-0.016084896702874153
2.377011488166577,-0.028898546078704117
2.4812267000584742,-0.04171219545453414
2.5854419119503715,-0.05452584483036418
2.689657123842269,-0.06733949420619416
2.793872335734166,-0.08015314358202405
2.8980875476260635,-0.09296679295785394
3.0023027595179608,-0.10578044233368383
3.106517971409858,-0.11859409170951372
3.2107331833017554,-0.13140774108534375
3.315167959732028,-0.14207944665954755
3.420053642447916,-0.1469612182433341
3.5249495650056453,-0.15163512782334296
3.6298454875633746,-0.1563090374033518
3.734741410121104,-0.16098294698336066
3.839637332678833,-0.1656568565633695
3.9445332552365624,-0.17033076614337836
4.044434133862975,-0.17478210860052965
4.1443350124893925,-0.17923345105768093
4.24423589111581,-0.18368479351483222
4.344136769742228,-0.1881361359719835
4.444037648368646,-0.1925874784291348
4.543938526995063,-0.19703882088628608
4.643839405621481,-0.20149016334343736
4.743740284247899,-0.20594150580058865
4.843641162874317,-0.21039284825773993
4.943542041500734,-0.21484419071489122
5.043442920127152,-0.2192955331720425
5.14334379875357,-0.2237468756291938
5.2432446773799875,-0.22819821808634508
5.343145556006405,-0.23264956054349636
5.448045145351459,-0.2372360034990053
5.553034780691157,-0.23780792219515692
5.653033639408034,-0.23733016145624078
5.75303249812491,-0.23685240071732463
5.853031356841787,-0.2363746399784085
5.953030215558663,-0.23589687923949235
6.05302907427554,-0.2354191185005762
6.1530279329924165,-0.23494135776166006
6.253026791709293,-0.2344635970227439
6.3530256504261695,-0.23398583628382777
6.453024509143046,-0.23350807554491163
6.553023367859923,-0.23303031480599548
6.653022226576799,-0.23255255406707934
6.753021085293676,-0.2320747933281632
6.853019944010552,-0.23159703258924705
6.953018802727429,-0.2311192718503309
7.053017661444305,-0.23064151111141476
7.153016520161182,-0.23016375037249862
7.253015378878058,-0.22968598963358247
7.353014237594935,-0.22920822889466633
7.453013096311811,-0.22873046815575018
7.553011955028688,-0.22825270741683404
7.658010756681408,-0.2277510586409721
7.758009615398285,-0.22727329790205594
7.858008474115161,-0.2267955371631398
7.958007332832038,-0.22631777642422365
8.063006134484747,-0.2258161276483617
8.168004936137448,-0.22531447887249975
8.27300373779015,-0.2248128300966378
